Workbook
Name I_: '[1]Capital-vs-Custeio'!$C$5
Name Ian: '[1]Capital-vs-Custeio'!$C$6
Name n_: '[1]Capital-vs-Custeio'!$C$4
Name r_: '[1]Capital-vs-Custeio'!$C$3

Sheet LS
A1: Setor | B1: Lat | C1: Long | D1: IVSaude | E1: UBS (EL) | F1: Cand (CL)
A2: 313760105000002 | B2: -19.6290939394599 | C2: -43.88787674764622 | D2: 0.42254588 | E2: 0
A3: 313760105000003 | B3: -19.623357593877145 | C3: -43.886731496430826 | D3: 0.43738419 | E3: 0
A4: 313760105000005 | B4: -19.637257392446987 | C4: -43.8823894866504 | D4: 0.46096893 | E4: 0
A5: 313760105000007 | B5: -19.639186003137194 | C5: -43.885551813493464 | D5: 0.45715102 | E5: 0
A6: 313760105000008 | B6: -19.63937534502649 | C6: -43.882446101185785 | D6: 0.42256363 | E6: 0
A7: 313760105000009 | B7: -19.641242574045076 | C7: -43.86916166239877 | D7: 0.42659345 | E7: 0
A8: 313760105000010 | B8: -19.646416560755792 | C8: -43.87272465653155 | D8: 0.40063121 | E8: 0
A9: 313760105000011 | B9: -19.65035679202863 | C9: -43.878845725686475 | D9: 0.41336169 | E9: 0
A10: 313760105000012 | B10: -19.650420484291352 | C10: -43.87428627677422 | D10: 0.40939245 | E10: 0
A11: 313760105000013 | B11: -19.654434705777582 | C11: -43.87497010162113 | D11: 0.40531432 | E11: 3137605402034
A12: 313760105000015 | B12: -19.64609431941876 | C12: -43.89000756037927 | D12: 0.41989835 | E12: 0
A13: 313760105000016 | B13: -19.666529434234118 | C13: -43.8756355802345 | D13: 0.43362622 | E13: 0
... A225: 521225305000004 | B225: -19.184307868000907 | C225: -51.39695792595185 | D225: 0.42724952 | E225: 0

Sheet Sheet1
A1: 313760105000002 | B1: 16 | C1: . | D1: . | E1: . | G1: 313760105000002 | H1: 16 | I1: . | J1: . | K1: . | L1: =VLOOKUP(G1,LS!$A$1:$E$225,5,FALSE) -> 0
A2: 313760105000003 | B2: 17 | C2: . | D2: . | E2: . | G2: 313760105000003 | H2: 17 | I2: . | J2: . | K2: . | L2: =VLOOKUP(G2,LS!$A$1:$E$225,5,FALSE) -> 0
A3: 313760105000005 | B3: 18 | C3: . | D3: . | E3: . | G3: 313760105000004 | H3: 18 | I3: . | J3: . | K3: . | L3: =VLOOKUP(G3,LS!$A$1:$E$225,5,FALSE) -> #N/A
A4: 313760105000007 | B4: 19 | C4: . | D4: . | E4: . | G4: 313760105000005 | H4: 19 | I4: . | J4: . | K4: . | L4: =VLOOKUP(G4,LS!$A$1:$E$225,5,FALSE) -> 0
A5: 313760105000008 | B5: 20 | C5: . | D5: . | E5: . | G5: 313760105000007 | H5: 20 | I5: . | J5: . | K5: . | L5: =VLOOKUP(G5,LS!$A$1:$E$225,5,FALSE) -> 0
A6: 313760105000009 | B6: 21 | C6: . | D6: . | E6: . | G6: 313760105000008 | H6: 21 | I6: . | J6: . | K6: . | L6: =VLOOKUP(G6,LS!$A$1:$E$225,5,FALSE) -> 0
A7: 313760105000010 | B7: 22 | C7: . | D7: . | E7: . | G7: 313760105000009 | H7: 22 | I7: . | J7: . | K7: . | L7: =VLOOKUP(G7,LS!$A$1:$E$225,5,FALSE) -> 0
A8: 313760105000011 | B8: 23 | C8: . | D8: . | E8: . | G8: 313760105000010 | H8: 23 | I8: . | J8: . | K8: . | L8: =VLOOKUP(G8,LS!$A$1:$E$225,5,FALSE) -> 0
A9: 313760105000012 | B9: 24 | C9: . | D9: . | E9: . | G9: 313760105000011 | H9: 24 | I9: . | J9: . | K9: . | L9: =VLOOKUP(G9,LS!$A$1:$E$225,5,FALSE) -> 0
A10: 313760105000015 | B10: 25 | C10: . | D10: . | E10: . | G10: 313760105000012 | H10: 25 | I10: . | J10: . | K10: . | L10: =VLOOKUP(G10,LS!$A$1:$E$225,5,FALSE) -> 0
A11: 313760105000016 | B11: 26 | C11: . | D11: . | E11: . | G11: 313760105000013 | H11: 26 | I11: . | J11: . | K11: . | L11: =VLOOKUP(G11,LS!$A$1:$E$225,5,FALSE) -> 3137605402034
A12: 313760105000020 | B12: 27 | C12: . | D12: . | E12: . | G12: 313760105000015 | H12: 27 | I12: . | J12: . | K12: . | L12: =VLOOKUP(G12,LS!$A$1:$E$225,5,FALSE) -> 0
... A209: 521225305000004 | B209: 224 | C209: . | D209: . | E209: . | G209: 313760105000270 | H209: 224 | I209: . | J209: . | K209: . | L209: =VLOOKUP(G209,LS!$A$1:$E$225,5,FALSE) -> 0
G210: 313760105000271 | H210: 225 | I210: . | J210: . | K210: . | L210: =VLOOKUP(G210,LS!$A$1:$E$225,5,FALSE) -> 0
G211: 313760105000272 | H211: 226 | I211: . | J211: . | K211: . | L211: =VLOOKUP(G211,LS!$A$1:$E$225,5,FALSE) -> 0
G212: 313760105000273 | H212: 227 | I212: . | J212: . | K212: . | L212: =VLOOKUP(G212,LS!$A$1:$E$225,5,FALSE) -> 0
G213: 313760105000274 | H213: 228 | I213: . | J213: . | K213: . | L213: =VLOOKUP(G213,LS!$A$1:$E$225,5,FALSE) -> 0
G214: 313760105000275 | H214: 229 | I214: . | J214: . | K214: . | L214: =VLOOKUP(G214,LS!$A$1:$E$225,5,FALSE) -> 0
G215: 313760105000276 | H215: 230 | I215: . | J215: . | K215: . | L215: =VLOOKUP(G215,LS!$A$1:$E$225,5,FALSE) -> 0
G216: 313760105000277 | H216: 231 | I216: . | J216: . | K216: . | L216: =VLOOKUP(G216,LS!$A$1:$E$225,5,FALSE) -> 0
G217: 313760105000278 | H217: 232 | I217: . | J217: . | K217: . | L217: =VLOOKUP(G217,LS!$A$1:$E$225,5,FALSE) -> 0
G218: 313760105000279 | H218: 233 | I218: . | J218: . | K218: . | L218: =VLOOKUP(G218,LS!$A$1:$E$225,5,FALSE) -> 0
G219: 313760105000280 | H219: 234 | I219: . | J219: . | K219: . | L219: =VLOOKUP(G219,LS!$A$1:$E$225,5,FALSE) -> 0
G220: 313760105000281 | H220: 235 | I220: . | J220: . | K220: . | L220: =VLOOKUP(G220,LS!$A$1:$E$225,5,FALSE) -> 0
G221: 313760105000282 | H221: 236 | I221: . | J221: . | K221: . | L221: =VLOOKUP(G221,LS!$A$1:$E$225,5,FALSE) -> 0
... G257: 313760115000034 | H257: 272 | I257: . | J257: . | K257: . | L257: =VLOOKUP(G257,LS!$A$1:$E$225,5,FALSE) -> #N/A

Sheet Sheet1 (2)
A1: 313760105000002 | B1: 16 | C1: . | D1: . | E1: . | G1: 313760105000002 | H1: 16 | I1: . | J1: . | K1: . | L1: =VLOOKUP(G1,LS!$A$1:$E$225,5,FALSE) -> 0
A2: 313760105000003 | B2: 17 | C2: . | D2: . | E2: . | G2: 313760105000003 | H2: 17 | I2: . | J2: . | K2: . | L2: =VLOOKUP(G2,LS!$A$1:$E$225,5,FALSE) -> 0
A3: 313760105000005 | B3: 18 | C3: . | D3: . | E3: . | G3: 313760105000004 | H3: 18 | I3: . | J3: . | K3: . | L3: =VLOOKUP(G3,LS!$A$1:$E$225,5,FALSE) -> #N/A
A4: 313760105000007 | B4: 19 | C4: . | D4: . | E4: . | G4: 313760105000005 | H4: 19 | I4: . | J4: . | K4: . | L4: =VLOOKUP(G4,LS!$A$1:$E$225,5,FALSE) -> 0
A5: 313760105000008 | B5: 20 | C5: . | D5: . | E5: . | G5: 313760105000007 | H5: 20 | I5: . | J5: . | K5: . | L5: =VLOOKUP(G5,LS!$A$1:$E$225,5,FALSE) -> 0
A6: 313760105000009 | B6: 21 | C6: . | D6: . | E6: . | G6: 313760105000008 | H6: 21 | I6: . | J6: . | K6: . | L6: =VLOOKUP(G6,LS!$A$1:$E$225,5,FALSE) -> 0
A7: 313760105000010 | B7: 22 | C7: . | D7: . | E7: . | G7: 313760105000009 | H7: 22 | I7: . | J7: . | K7: . | L7: =VLOOKUP(G7,LS!$A$1:$E$225,5,FALSE) -> 0
A8: 313760105000011 | B8: 23 | C8: . | D8: . | E8: . | G8: 313760105000010 | H8: 23 | I8: . | J8: . | K8: . | L8: =VLOOKUP(G8,LS!$A$1:$E$225,5,FALSE) -> 0
A9: 313760105000012 | B9: 24 | C9: . | D9: . | E9: . | G9: 313760105000011 | H9: 24 | I9: . | J9: . | K9: . | L9: =VLOOKUP(G9,LS!$A$1:$E$225,5,FALSE) -> 0
A10: 313760105000015 | B10: 25 | C10: . | D10: . | E10: . | G10: 313760105000012 | H10: 25 | I10: . | J10: . | K10: . | L10: =VLOOKUP(G10,LS!$A$1:$E$225,5,FALSE) -> 0
A11: 313760105000020 | B11: 27 | C11: . | D11: . | E11: . | G11: 313760105000015 | H11: 26 | I11: . | J11: . | K11: . | L11: =VLOOKUP(G11,LS!$A$1:$E$225,5,FALSE) -> 0
A12: 313760105000021 | B12: 28 | C12: . | D12: . | E12: . | G12: 313760105000016 | H12: 27 | I12: . | J12: . | K12: . | L12: =VLOOKUP(G12,LS!$A$1:$E$225,5,FALSE) -> 0
... A194: 521225305000004 | B194: 224 | C194: . | D194: . | E194: . | G194: 313760105000270 | H194: 209 | I194: . | J194: . | K194: . | L194: =VLOOKUP(G194,LS!$A$1:$E$225,5,FALSE) -> 0
G195: 313760105000271 | H195: 210 | I195: . | J195: . | K195: . | L195: =VLOOKUP(G195,LS!$A$1:$E$225,5,FALSE) -> 0
G196: 313760105000272 | H196: 211 | I196: . | J196: . | K196: . | L196: =VLOOKUP(G196,LS!$A$1:$E$225,5,FALSE) -> 0
G197: 313760105000273 | H197: 212 | I197: . | J197: . | K197: . | L197: =VLOOKUP(G197,LS!$A$1:$E$225,5,FALSE) -> 0
G198: 313760105000274 | H198: 213 | I198: . | J198: . | K198: . | L198: =VLOOKUP(G198,LS!$A$1:$E$225,5,FALSE) -> 0
G199: 313760105000275 | H199: 214 | I199: . | J199: . | K199: . | L199: =VLOOKUP(G199,LS!$A$1:$E$225,5,FALSE) -> 0
G200: 313760105000276 | H200: 215 | I200: . | J200: . | K200: . | L200: =VLOOKUP(G200,LS!$A$1:$E$225,5,FALSE) -> 0
G201: 313760105000277 | H201: 216 | I201: . | J201: . | K201: . | L201: =VLOOKUP(G201,LS!$A$1:$E$225,5,FALSE) -> 0
G202: 313760105000278 | H202: 217 | I202: . | J202: . | K202: . | L202: =VLOOKUP(G202,LS!$A$1:$E$225,5,FALSE) -> 0
G203: 313760105000279 | H203: 218 | I203: . | J203: . | K203: . | L203: =VLOOKUP(G203,LS!$A$1:$E$225,5,FALSE) -> 0
G204: 313760105000280 | H204: 219 | I204: . | J204: . | K204: . | L204: =VLOOKUP(G204,LS!$A$1:$E$225,5,FALSE) -> 0
G205: 313760105000281 | H205: 220 | I205: . | J205: . | K205: . | L205: =VLOOKUP(G205,LS!$A$1:$E$225,5,FALSE) -> 0
G206: 313760105000282 | H206: 221 | I206: . | J206: . | K206: . | L206: =VLOOKUP(G206,LS!$A$1:$E$225,5,FALSE) -> 0
... G242: 313760115000034 | H242: 257 | I242: . | J242: . | K242: . | L242: =VLOOKUP(G242,LS!$A$1:$E$225,5,FALSE) -> #N/A
